1629	Villiers	Parc de Monceau - 75117	48.88132429394468	2.3165967615088174	2
1630	Villiers	Parc de Monceau - 75117	48.88140510041144	2.316147050907411	3
1632	Volontaires	25 rue des Volontaires - 75115	48.84141844267774	2.307993649386661	12
1633	Voltaire (Léon Blum)	Boulevard Voltaire - 75111	48.85766372576006	2.3800362967955064	9
1634	Wagram	Place Monseigneur Loutil - 75117	48.883712476037346	2.3055577575143036	3
1635	Danube	9 place Rhin et Danube - 75119	48.88195101817822	2.3932606758573876	7b
1637	Trocadéro	Place du Trocédéro - 75116	48.8630891350352	2.2868403784945937	9
1638	Varenne	13 boulevard des Invalides - 75107	48.85639306919846	2.3147543648102884	13
1639	Villejuif-Léo Lagrange	Rue du Dauphin - 94076	48.80376966328267	2.3639093063890435	7
1640	Saint-Jacques	Terre-plein face au 46 boulevard Saint-Jacques - 75114	48.83299169177581	2.3366828966443496	6
1641	Saint-Marcel	La Pitié-Salpêtrière - 75113	48.838516743515164	2.360727550361784	5
1642	Saint-Paul (Le Marais)	Rivoli (terre plein face au 10 rue de) - 75104	48.85513451823504	2.3613343390676635	1
1644	Quai de la Gare	Quai de la Gare - 75113	48.83761467578531	2.373852115680497	6
1645	Raspail	Boulevard Edgard Quinet - 75114	48.83915698149679	2.330474151162931	4
1646	Rennes	Terre-plein face au 78 boulevard Raspail - 75106	48.848198268824774	2.3280217486281134	12
1647	République	Av de la République - 75111	48.86741082883539	2.363587825558049	9
1648	Place d'Italie	Place d' Italie - 75113	48.831552302643125	2.3553334432190454	7
1649	Place Monge (Jardin des Plantes)	Arènes de Lutèce - 75105	48.843164692766834	2.3521103624150967	7
1651	Nation	Terre-plein face au 3 place de la Nation - 75112	48.849010153648216	2.3976646127910075	9
1653	Odéon	Carrefour de l' Odéon - 75106	48.85231488119486	2.338861720336335	10
1655	Marcadet-Poissonniers	88 boulevard Barbès - 75118	48.891543930630554	2.3493711153819112	4
1656	La Fourche	Avenue de Clichy - 75117	48.8874368425293	2.3257252220174083	13
1657	La Motte-Picquet-Grenelle	Face au 130-113 boulevard de Grenelle - 75115	48.849018928349764	2.297762160707931	6
1659	Gambetta	Père-Lachaise - 75120	48.86503429801815	2.3985414869122423	3b
1661	Ségur	UNESCO - Miollis - 75115	48.84686470206919	2.307268847578926	10
1662	Sentier	97 rue Réaumur - 75102	48.8673503814313	2.3475672354150805	3
1665	Sèvres-Lecourbe	Terre-plein face au 94 boulevard Garibaldi - 75115	48.84499615085685	2.310864830044154	6
1666	Sèvres-Babylone	Square Boucicaut - 75107	48.85093928843075	2.3261146548222844	10
1667	Sèvres-Babylone	Square Boucicaut - 75107	48.85157746899621	2.3268907883428853	12
1668	Simplon	38 boulevard Ornano - 75118	48.894042554516574	2.3473135785509056	4
1669	Solférino	Rue de Solférino - 75107	48.858533359508236	2.323089248787209	12
1674	Stalingrad	Bassin de la Villette - 75119	48.88418929420877	2.367030441974567	2
1675	Stalingrad	Bassin de la Villette - 75119	48.88415326312386	2.3673574774663866	5
1676	Stalingrad	Bassin de la Villette - 75119	48.88407198636439	2.3688700627777948	7
1677	Strasbourg-Saint-Denis	Porte Saint-Martin - 75102	48.86963236518746	2.35450206308924	4
1678	Strasbourg-Saint-Denis	Porte Saint-Martin - 75102	48.869227930987556	2.354529175385818	9
1681	Sully-Morland	Préfecture de Paris - 75104	48.85079359474211	2.3612369937142983	7
1682	Télégraphe	Rue de Belleville - 75120	48.87552244924565	2.3986765111449513	11
1683	Temple	Rue du Temple - 75103	48.866764167814516	2.3615713270327316	3
1684	Ternes	Salle Pleyel - 75117	48.87822804050767	2.2981214325821844	2
1685	Tolbiac	Avenue d'Italie - 75113	48.82615945391136	2.3570194661891253	7
1686	Trinité-d'Estienne d'Orves	50 rue de Chateaudun - 75109	48.8763290374387	2.331804568510596	12
1687	Trocadéro	Place du Trocédéro - 75116	48.862666905879294	2.2872630615532628	6
1688	Tuileries	210 rue de Rivoli - 75101	48.86478016250008	2.3290949544294275	1
1690	Vaneau	97 rue de Sèvres - 75107	48.84870084962003	2.321239881938573	10
1691	Vaugirard (Adolphe Chérioux)	Square de Vergenne - 75115	48.83943928123955	2.3010780424739252	12
1692	Vavin	108 boulevard du Montparnasse - 75106	48.84205985758205	2.328867050437212	4
1694	Victor Hugo	4 place Victor Hugo - 75116	48.869864912484076	2.285226207250439	2
1695	Villejuif-Louis Aragon	Boulevard Maxime Gorky - 94076	48.786638011119834	2.367110527381649	7
1696	Villejuif-Paul Vaillant Couturier (Hôpital Paul Brousse)	Boulevard Maxime Gorky - 94076	48.79599413239317	2.3682314519156806	7
1698	Reuilly-Diderot	Boulevard Diderot - 75112	48.8473528769588	2.3858425400402448	1
1700	Richard-Lenoir	Boulevard Richar Lenoir - 75111	48.860488412845775	2.3719204375021397	5
1702	Richelieu-Drouot	Rue Marivaux - 75109	48.872096123789774	2.339325555856426	9
1703	Riquet	Avenue de Flandre - 75119	48.8883932319013	2.374433108884994	7
1704	Robespierre	185 rue de Paris - 93048	48.855680808196944	2.423659085483019	9
1707	Rome	60 boulevard des Batignolles - 75117	48.88207083393704	2.3203983393099863	2
1708	Rue de la Pompe (Avenue Georges Mandel)	56 avenue Georges Mandel - 75116	48.864253384403426	2.277916762028845	9
1709	Rue des Boulets	232 boulevard Voltaire - 75111	48.8522227131835	2.389115650927187	9
1710	Rue du Bac	Terre-plein face au 2 boulevard Raspail - 75107	48.85589133781551	2.325704993899314	12
1712	Grands Boulevards	Musée Grévin - 75109	48.871511817078165	2.343208377544865	9
1714	Saint-Ambroise	86 boulevard Voltaire - 75111	48.86164742429928	2.373147140772303	9
1715	Saint-Augustin	Église Saint-Augustin - 75108	48.87438676021276	2.3207278319647315	9
1716	Basilique de Saint-Denis	Place du Cacquet - 93066	48.936477492650496	2.3596397453045825	13
1717	Saint-Denis - Porte de Paris	Stade de France - 93066	48.92992666527093	2.3561861491888694	13
1718	Saint-Fargeau	112 avenue Gambetta - 75120	48.871699810971116	2.4042987242021825	3b
1719	Saint-François-Xavier	Avenue de Villars - 75107	48.8509825598235	2.31442986460027	13
1720	Saint-Georges	Place Saint-Georges - 75109	48.878593955236205	2.3378269689170192	12
1721	Saint-Germain des Prés	Ecole des Beaux Arts - 75106	48.85344723773834	2.333046326044867	4
1722	Saint-Lazare	Rue de l' Arcade - 75108	48.87568150641968	2.325591584819959	3
1723	Saint-Lazare	Rue de l' Arcade - 75108	48.875420977789275	2.3266952720717047	12
1724	Saint-Lazare	Rue de l' Arcade - 75108	48.876067814352574	2.324188100771013	13
1725	Saint-Mandé	180 avenue Galliéni - 94067	48.84623825662077	2.418999828109256	1
1728	Rue Saint-Maur	Avenue de la République - 75111	48.86408940574645	2.3808997885521195	3
1729	Saint-Michel	Place Saint-Michel - 75105	48.853599907885794	2.3439962410940125	4
1730	Saint-Philippe du Roule	69 avenue Franklin D. Roosevelt - 75108	48.8724706657937	2.310769101230354	9
1731	Saint-Placide	Rue de Rennes - 75106	48.84701184016864	2.327055111355132	4
1733	Saint-Sulpice	Rue de Rennes - 75106	48.8511463550549	2.3309628563664644	4
1734	Porte d'Ivry	Avenue d'Ivry - 75113	48.82135736230755	2.369308237223248	7
1735	Porte d'Orléans (Général Leclerc)	Rue de la Légion Etrangère - 75114	48.82281706023495	2.325072625148001	4
1736	Porte Dauphine (Maréchal de Lattre de Tassigny)	Boulevard Amiral Bruix - 75116	48.87179221641751	2.27486996119569	2
1737	Porte de Bagnolet	Rue de la Py - 75120	48.864336535483645	2.4088253760377283	3
1738	Porte de Champerret	Place Stuart-Merrill - 75117	48.88573915969202	2.2918606206755348	3
1740	Porte de Choisy	130 boulevard Masséna - 75113	48.81990244616168	2.364965598290819	7
1741	Porte de Clichy	rue Fragonard - 75117	48.894436060297956	2.313565665465226	13
1742	Porte de Clignancourt	Rue Belliard - 75118	48.89797017040717	2.3439883834332904	4
1743	Porte de la Chapelle	Rue Raymond Queneau - 75118	48.89795934324147	2.3592550695796524	12
1744	Porte de la Villette	Cité des Sciences - La Géode - Le Zénith - 75119	48.89752915689145	2.3856442301273044	7
1745	Porte de Montreuil	Rue d'Avron - 75120	48.85337987781381	2.4104581874163533	9
1746	Porte de Pantin	Avenue Jean Jaurès - 75119	48.888583980971895	2.3924228757185415	5
1747	Porte de Saint-Cloud	Place de la Porte de Saint-Cloud - 75116	48.837565334473624	2.255591274447898	9
1748	Porte de Saint-Ouen	Rue Liebniz - 75118	48.89751173277147	2.329021647212208	13
1749	Porte de Vanves	9 boulevard Brune - 75114	48.82776532658967	2.3043123507630607	13
1750	Porte de Versailles	Palais des Sports - 75115	48.832253452749	2.287864137819189	12
1751	Porte de Vincennes	99 Cours de Vincennes - 75120	48.847016518419125	2.410816882334764	1
1752	Porte des Lilas	Rue de Belleville - 75120	48.8769382235089	2.4063765669297816	3b
1753	Porte des Lilas	Rue de Belleville - 75120	48.87723471669558	2.4065268430480917	11
1755	Porte Maillot	Palais des Congrès - 75117	48.87800617627899	2.2824656400013326	1
1756	Pré-Saint-Gervais	52 boulevard Serrurier - 75119	48.88015993211241	2.3985866218697662	7b
1757	Pyramides	Rue de l'Echelle - 75101	48.86649698703855	2.334094215259097	7
1758	Pyrénées	401 rue des Pyrénées - 75120	48.87382117233675	2.384886372197903	11
1759	Quai de la Rapée	Quai de la Rapée - 75112	48.84596603240645	2.3669131797383116	5
1760	Quatre Septembre	20 rue du Quatre Septembre - 75102	48.86966057219203	2.3363282816417112	3
1761	Rambuteau	Centre Georges Pompidou - 75104	48.86119339564163	2.3532869598707133	11
1762	Ranelagh	48 avenue Mozart - 75116	48.85550440300199	2.269959178255765	9
1763	Raspail	Boulevard Edgard Quinet - 75114	48.838878378565504	2.330678419288263	6
1764	Réaumur-Sébastopol	Square Emile Chantemps - 75102	48.86604666963103	2.352620954015186	4
1765	Réaumur-Sébastopol	Square Emile Chantemps - 75102	48.86628035856129	2.352484796837845	3
1766	République	Av de la République - 75111	48.86725794359829	2.3640373036390545	3
1767	République	Av de la République - 75111	48.86761748653104	2.3638195214331654	5
1772	Ourcq	161 avenue Jean Jaurès - 75119	48.886923877470686	2.3866564344034558	5
1773	Palais-Royal (Musée du Louvre)	Terre-plein face au 93 rue de Rivoli - 75101	48.8623718215243	2.3365736007364304	1
1774	Palais-Royal (Musée du Louvre)	Terre-plein face au 93 rue de Rivoli - 75101	48.86338738506552	2.3354838367723683	7
1779	Parmentier	48 avenue de la République - 75111	48.86525985667316	2.3747570817167682	3
1780	Passy	pl. du Costa Rica - 75116	48.857534382513876	2.28559270581709	6
1781	Pasteur	183 rue de Vaugirard - 75115	48.842012804057696	2.3132900438354906	6
1782	Pasteur	183 rue de Vaugirard - 75115	48.8428305421094	2.3126633077591134	12
1783	Pelleport	Paul Signac (place, en face du 125 avenue Gambetta) - 75120	48.86822334760734	2.401324380544102	3b
1784	Père-Lachaise	Avenue de la République - 75111	48.86316120506396	2.3872604001843536	2
1785	Père-Lachaise	Avenue de la République - 75111	48.862945661667425	2.3868924045430804	3
1786	Pereire	Square Albert Besnard - 75117	48.8850310612536	2.2971351115061647	3
1787	Pernety	Rue Niepce - 75114	48.833933819810916	2.31790897216328	13
1788	Philippe Auguste	212 boulevard de Charonne - 75111	48.85837884146994	2.3897347327397043	2
1789	Picpus	46 avenue de Saint-Mandé - 75112	48.84532311461395	2.4017863137606863	6
1790	Pierre et Marie Curie	117-119 avenue Maurice Thorez - 94041	48.81591718160038	2.377878816483871	7
1791	Pigalle	26 boulevard de Clichy - 75118	48.88242252841757	2.337254682101535	2
1792	Pigalle	26 boulevard de Clichy - 75118	48.88202708962622	2.337213801747862	12
1793	Place d'Italie	Place d' Italie - 75113	48.8312826555064	2.3554558703645068	5
1794	Place d'Italie	Place d' Italie - 75113	48.831111838257115	2.3557961457130645	6
1795	Place de Clichy	Terre-plein face au 7 place de Clichy - 75109	48.88345565159549	2.3273749934103556	2
1796	Place de Clichy	Terre-plein face au 7 place de Clichy - 75109	48.883203999876585	2.3272660246411383	13
1797	Place des Fêtes	Rue de Crimée - 75119	48.8772239477293	2.392765050250897	7b
1798	Place des Fêtes	Rue de Crimée - 75119	48.87672946890669	2.393146031767842	11
1799	Plaisance	Rue Raymond Losserand - 75114	48.83175809378841	2.3138665498481625	13
1800	Poissonnière	Terre-plein face au 96/98 rue La Fayette - 75110	48.877353095288015	2.349381423952599	7
1802	Pont de Levallois-Bécon	Rue Baudin - 92044	48.89730990517954	2.2807686428069003	3
1803	Pont de Neuilly	209 avenue Charles de Gaulle - 92051	48.88550610941816	2.258527470197358	1
1804	Pont de Sèvres	quai Alphonse Le Gallo - 92012	48.829690338022736	2.2305284341923346	9
1805	Pont Marie (Cité des Arts)	quai de l'Hôtel de Ville - 75104	48.85346358569476	2.357383972809163	7
1806	Pont Neuf	quai du Louvre - 75101	48.85853410228574	2.3421172386659985	7
1808	Porte d'Italie	Boulevard Masséna - 75113	48.8187170251155	2.360500832805366	7
1811	Maubert-Mutualité	Panthéon - 75105	48.849716940163574	2.348925558491872	10
1812	Ménilmontant	Ménilmontant (139/148 boulevard de) - 75111	48.865705787623	2.3844293751632057	2
1814	Michel-Ange-Auteuil	55 rue d' Auteuil - 75116	48.847924592785105	2.264235905782418	9
1816	Michel-Ange-Molitor	34 rue Molitor - 75116	48.845056129032	2.261911423279769	9
1817	Michel-Ange-Molitor	34 rue Molitor - 75116	48.84498448667992	2.26232003903747	10
1818	Mirabeau	63 avenue de Versailles - 75116	48.847084858904864	2.273074914922012	10
1819	Miromesnil	29 rue de la Boétie - 75108	48.87353214061607	2.3155780248661895	9
1820	Miromesnil	29 rue de la Boétie - 75108	48.87346032551137	2.3160412889150637	13
1822	Monceau	1 Place de la République Dominicaine - 75108	48.88057689074842	2.309415946164807	2
1824	Montparnasse-Bienvenue	Raoul Dautry (place, SNCF Montparnasse) - 75114	48.844189508526796	2.324441232433701	4
1825	Montparnasse-Bienvenue	Raoul Dautry (place, SNCF Montparnasse) - 75114	48.84187033630407	2.3212283740035646	6
1826	Montparnasse-Bienvenue	Raoul Dautry (place, SNCF Montparnasse) - 75114	48.844027636151914	2.323569797217576	12
1827	Montparnasse-Bienvenue	Raoul Dautry (place, SNCF Montparnasse) - 75114	48.84207702018728	2.321010449555117	13
1828	Mouton-Duvernet	42 avenue du Général Leclerc - 75114	48.832191599269656	2.3304069926293205	4
1832	Nation	Terre-plein face au 3 place de la Nation - 75112	48.84811123157566	2.3980040127977436	1
1833	Nation	Terre-plein face au 3 place de la Nation - 75112	48.84942390087223	2.3970250382993576	2
1834	Nation	Terre-plein face au 3 place de la Nation - 75112	48.8474552623419	2.3977717436108956	6
1836	Nationale	Terre-plein face au 124-143 boulevard Vincent Auriol - 75113	48.832881288678834	2.3619094080161975	6
1841	Notre-Dame de Lorette	Rue de Chateaudun - 75109	48.876050554237366	2.337908692037609	12
1842	Notre-Dame des Champs	Terre-plein face au 112 boulevard Raspail - 75106	48.84478304833005	2.3284444832927207	12
1843	Oberkampf	43 boulevard Voltaire - 75111	48.86490241594044	2.367537013481096	5
1844	Oberkampf	43 boulevard Voltaire - 75111	48.86497429063367	2.36763241156394	9
1845	Odéon	Carrefour de l' Odéon - 75106	48.85219804523044	2.33878000304498	4
1846	Opéra	Théâtre National de l'Opéra - 75109	48.870720976292084	2.3322547435729586	3
1847	Opéra	Théâtre National de l'Opéra - 75109	48.870559216544876	2.332554482049589	7
1849	Le Peletier	Rue de la Victoire - 75109	48.87496305802612	2.3401567908492056	7
1854	Les Gobelins	Manufacture des Gobelins - 75113	48.83612743975252	2.3520811178355734	7
1855	Les Halles	Rue Turbigo - 75101	48.862011970720516	2.3464764519062062	4
1856	Les Sablons (Jardin d'acclimatation)	Jardin d'Acclimatation - 92051	48.88129918549113	2.2719151760177914	1
1858	Liège	Terre-plein face au 21 rue de Liège - 75108	48.87953716638082	2.3268579472729614	13
1860	Louis Blanc	234 rue du Faubourg Saint-Martin - 75110	48.88090042815109	2.365107218264337	7
1861	Louis Blanc	234 rue du Faubourg Saint-Martin - 75110	48.8814934288588	2.3657752423496143	7b
1862	Louise Michel	Rue Anatole France - 92044	48.889269622246026	2.2880551248039036	3
1864	Louvre-Rivoli	Amiral de Coligny (8 rue de l') - 75101	48.86087985759375	2.340973275817903	1
1867	Mabillon	Place d' Arcadie - 75106	48.85284513365445	2.335143718516068	10
1869	Madeleine	Rue De Sèze - 75108	48.8697947152178	2.3246120120222655	12
1870	Mairie d'Issy	Rue du Général Leclerc - 92040	48.82434652601842	2.2735658296006465	12
1871	Mairie d'Ivry	Centre Commercial - 94041	48.81121453549021	2.383508928732683	7
1872	Mairie de Clichy	Hôpital Gouin - 92024	48.90400543242958	2.3053681208668606	13
1873	Mairie de Montreuil	Place Jean Jaurès - 93048	48.862280986339	2.441827679127713	9
1874	Mairie de Saint-Ouen	Rue Albert Dhalenne - 93070	48.91162168038383	2.3337369648420916	13
1875	Mairie des Lilas	Place du Colonel Fabien - 93045	48.880051061772676	2.415660206064229	11
1876	Maison Blanche	144 avenue d' Italie - 75113	48.82287877506322	2.358079894290851	7
1879	Malakoff-Plateau de Vanves	r. Jean Bleuzen - 92020	48.8224426939998	2.2979321053287274	13
1880	Malakoff-Rue Etienne Dolet	87 rue Guy Môquet - 92020	48.81470406056698	2.2972847301706394	13
1881	Malesherbes	Place du Général Catroux - 75117	48.88253647289218	2.311009243005514	3
1882	Maraîchers	67 bis rue des Pyrénées - 75120	48.8526004024001	2.4063849895661393	9
1883	Marcadet-Poissonniers	88 boulevard Barbès - 75118	48.89160682271851	2.349548310988923	12
1884	Marcel Sembat	Rue des Quatre Cheminées - 92012	48.833808586980275	2.243480614417395	9
1886	Marx-Dormoy	4 rue de la Chapelle - 75118	48.890374081221125	2.3597970086706117	12
1887	La Défense (Grande Arche)	Carpeaux (rue, gare du RER La Défense) - 92062	48.891826754836515	2.237992043215619	1
1888	Guy-Môquet	86 avenue de Saint-Ouen - 75118	48.893009056051206	2.3274958394904894	13
1889	Havre-Caumartin	bd Haussmann - 75109	48.8734618906704	2.3284804844734768	3
1890	Havre-Caumartin	bd Haussmann - 75109	48.873425976534854	2.3289709732965647	9
1891	Hoche	Centre Commercial - 93055	48.891499383764256	2.4031249606560765	5
1892	Hôtel de Ville	Rue du Temple - 75104	48.857355927169515	2.3520735668587185	1
1893	Hôtel de Ville	Rue du Temple - 75104	48.85780537313629	2.351460776513565	11
1895	Iéna	av. du Président Wilson - 75116	48.864350199647255	2.2940452637830906	9
1897	Invalides	Rue de l' Université - 75107	48.86085078966753	2.314548112626649	13
1898	Jacques-Bonsergent	bd de Magenta - 75110	48.87070082326957	2.3605786355872773	5
1899	Jasmin	85 avenue Mozart - 75116	48.852438519222666	2.2679339230009505	9
1900	Jaurès	Face au 2 place de Stalingrad - 75119	48.88276854674882	2.36994579899074	2
1901	Jaurès	Face au 2 place de Stalingrad - 75119	48.88287621621258	2.3705863361654225	5
1902	Jaurès	Face au 2 place de Stalingrad - 75119	48.88232802491925	2.3704769687699216	7b
1903	Javel-André-Citroen	Rue de la Convention - 75115	48.84596388048408	2.2778151263537714	10
1905	Jourdain	7 rue du Jourdain - 75120	48.87524829462498	2.389329434152641	11
1906	Jules Joffrin	2 place Jules Joffrin - 75118	48.89249697693026	2.3443284105515048	12
1907	Jussieu	39 rue Liné - 75105	48.8459684322046	2.3548073926942186	7
1908	Jussieu	39 rue Liné - 75105	48.84576175731147	2.354548594906739	10
1909	Kléber	15 avenue Kléber - 75116	48.87130614908782	2.2933310208962174	6
1910	La Chapelle	Rue du Faubourg Saint Denis - 75110	48.884388698358165	2.3592765642767297	2
1911	La Courneuve-8-Mai-1945	Place du 8 Mai 1945 - 93027	48.92051450668569	2.410225779120198	7
1916	La Motte-Picquet-Grenelle	Face au 130-113 boulevard de Grenelle - 75115	48.84882126668606	2.2979529640251917	10
1917	La Muette	5 avenue Mozart - 75116	48.85809504968323	2.274096448110612	9
1920	Lamarck-Caulaincourt	Lamarck (53/53 bis rue) - 75118	48.8897381077178	2.339149086674118	12
1922	Laumière	av. Jean Jaurès - 75119	48.8849316105461	2.379091246899838	5
1925	Le Kremlin-Bicêtre	Hôpital Kremlin Bicêtre - 94043	48.810385125129486	2.3618306830911315	7
1926	Dupleix	Boulevard de Grenelle - 75115	48.85039257831968	2.2936483362305387	6
1927	Duroc	bd du Montparnasse - 75107	48.846848768895974	2.3169373108340854	10
1928	Duroc	bd du Montparnasse - 75107	48.84699250092279	2.3165423447702307	13
1930	Edgar-Quinet	Place Edgar Quinet) - 75114	48.84056772620437	2.326402815222764	6
1932	Eglise de Pantin	Rue Charles Auffrey - 93055	48.89363252797401	2.41290026603005	5
1933	Esplanade de la Défense	Quartier Saisons - 92062	48.88835806016618	2.249937212862802	1
1934	Etienne Marcel	14 rue Turbigo - 75101	48.86371036646956	2.3489831961271017	4
1935	Europe	1 rue de Madrid - 75108	48.87906043921274	2.3229746324058937	3
1936	Exelmans	Hôpital Henry Dunant - 75116	48.84290697853592	2.2601443978808957	9
1938	Falguière	138 rue du Cherche-Midi - 75115	48.84432338300201	2.317564676180599	12
1944	Fort d'Aubervilliers	Gare routière - 93001	48.91405674514657	2.403576334511007	7
1945	Franklin-Roosevelt	Palais de la Découverte - 75108	48.869010427937624	2.3102531808960265	1
1946	Franklin-Roosevelt	Palais de la Découverte - 75108	48.868812631860955	2.309926324470496	9
1947	Gabriel-Péri	Gare routière - 92004	48.916574835983226	2.2943289646870606	13
1948	Gaîté	Rue de la Gaîté - 75114	48.838751821388634	2.322509186224712	13
1949	Gallieni (Parc de Bagnolet)	Gare routière - 93006	48.864834901238424	2.416604379961874	3
1950	Gambetta	Père-Lachaise - 75120	48.864782700687876	2.398445833771861	3
1951	Gare d'Austerlitz	SNCF/RER C grandes lignes et banlieue - 75113	48.84341422414371	2.3641883928676424	5
1952	Gare d'Austerlitz	SNCF/RER C grandes lignes et banlieue - 75113	48.84371986136062	2.3639162171627124	10
1953	Gare de l'Est (Verdun)	Sortie - 75110	48.87669583602489	2.3579925105504023	4
1954	Gare de l'Est (Verdun)	Sortie - 75110	48.8764170528791	2.3589870464563276	7
1955	Gare de Lyon	Rue de Bercy - 75112	48.84555978708341	2.37344920496318	1
1957	Gare du Nord	Rue du Faubourg St Denis - 75110	48.87974306422535	2.3546008104722334	4
1958	Gare du Nord	Rue du Faubourg St Denis - 75110	48.87938330261579	2.356372081359306	5
1959	Garibaldi	Avenue Gabriel Péri - 93070	48.906382164226436	2.3319104734589318	13
1961	George V	118 avenue des Champs-Elysées - 75108	48.87204561942636	2.3007691856449535	1
1962	Glacière	Face au 124 boulevard Auguste Blanqui - 75113	48.8312479519874	2.343122075822986	6
1963	Goncourt (Hôpital Saint-Louis)	152 avenue Parmentier - 75110	48.87001535524704	2.3707687990214654	11
1964	Châtelet	Théâtre du Châtelet - 75101	48.85830005598138	2.347865087577108	4
1965	Châtelet	Théâtre du Châtelet - 75101	48.858857284381365	2.347769856742684	11
1966	Châtelet	Théâtre du Châtelet - 75101	48.85720364550444	2.3472247110558406	7
1969	Châtillon Montrouge	r. de l'Avenir - 92020	48.810283363510756	2.3012888709759522	13
1971	Chaussée d'Antin (La Fayette)	Rue La Fayette - 75109	48.872985824665165	2.33342622405285	7
1972	Chaussée d'Antin (La Fayette)	Rue La Fayette - 75109	48.87285998941257	2.3330447509269225	9
1974	Chevaleret	Terre-plein face au 79 boulevard Vincent Auriol - 75113	48.83496497071995	2.3680913458793973	6
1975	Cité	2 Place Louis Lepine - 75104	48.85568485028629	2.3462029295287157	4
1977	Cluny-La Sorbonne	Rue Saint Jacques - 75105	48.85079575570429	2.3450308883652258	10
1978	Colonel Fabien	Tterre-plein face au 83 boulevard de la Villette - 75110	48.87818498179219	2.3701745466363584	2
1980	Concorde	Place de la Concorde - 75108	48.86567809641779	2.321193771801867	1
1982	Concorde	Place de la Concorde - 75108	48.8654893908901	2.321411789213801	12
1984	Convention	337 rue de Vaugirard - 75115	48.83713694956265	2.296396090155559	12
1985	Corentin-Cariou	avenue Corentin Cariou - 75119	48.89468154198812	2.382302193974242	7
1986	Corentin-Celton	Rue Ernest Renan - 92040	48.82682988739414	2.278966861574341	12
1987	Corvisart	Boulevard Auguste Blanqui - 75113	48.829863252112794	2.3506227279320897	6
1989	Courcelles	Boulevard de Courcelles - 75108	48.87927215163157	2.303298546682486	2
1993	Croix-de-Chavaux (Jacques Duclos)	Rue de Paris - 93048	48.857999073258	2.435866895674707	9
1996	Denfert-Rochereau	2 avenue du Général Leclerc - 75114	48.83427681284463	2.332203797304786	4
1997	Denfert-Rochereau	2 avenue du Général Leclerc - 75114	48.833998236748336	2.333238501158801	6
2001	Bonne Nouvelle	Boulevard de Bonne Nouvelle - 75109	48.87049583233104	2.348862117440598	9
2002	Botzaris	80 rue Botzaris - 75119	48.87960708893313	2.389415569653207	7b
2004	Boulogne-Jean-Jaurès	Rue du Chateau - 92012	48.84228014352973	2.238862975367271	10
2005	Boulogne Pont de Saint-Cloud	Musée Albert Kahn - 92012	48.84068016312195	2.228313661724341	10
2007	Bourse	Rue Notre-Dame des Victoires - 75102	48.86876179259638	2.3406741288121005	3
2008	Bréguet-Sabin	Boulevard Richard Lenoir - 75111	48.856803948960916	2.3705968196318707	5
2009	Brochant	Marché des Batignolles - 75117	48.89062663302413	2.320191121275328	13
2013	Buttes-Chaumont	28 rue Botzaris - 75119	48.877803956007845	2.3812110997359883	7b
2014	Buzenval	51 rue de Buzenval - 75120	48.851767474505195	2.4011814838726444	9
2015	Cadet	Terre-plein face au 65 rue La Fayette - 75109	48.875825718038186	2.343345124573273	7
2016	Cambronne	2 Boulevard Garibaldi Côté des N° pairs - 75115	48.8476991081708	2.302039143669263	6
2017	Campo-Formio	106-112 boulevard de l' Hôpital - 75113	48.835551216675434	2.358752095191401	5
2018	Cardinal-Lemoine	55 rue du Cardinal Lemoine - 75105	48.84670586906026	2.351335178972595	10
2020	Censier-Daubenton	96 rue Monge - 75105	48.840594300001605	2.351755612946688	7
2025	Champs-Elysées-Clémenceau	Clémenceau (place) - 75108	48.867366570469784	2.3141910633936584	13
2026	Chardon-Lagache	11 rue Chardon Lagache - 75116	48.845104139567006	2.266936059032254	10
2028	Charles de Gaulle-Etoile	Place Charles de Gaulle - 75108	48.8739310942679	2.295127251650101	1
2029	Charles de Gaulle-Etoile	Place Charles de Gaulle - 75108	48.87399384072475	2.294663961825911	2
2030	Charles de Gaulle-Etoile	Place Charles de Gaulle - 75108	48.87371526831065	2.294759562849878	6
2031	Charles Michels	36 rue des Entrepreneurs - 75115	48.8463629755008	2.2856310658828742	10
2032	Charonne	188 boulevard Voltaire - 75111	48.85464204744478	2.385032193334828	9
2033	Château Rouge	Rue Custine - 75118	48.887086283050444	2.3493700732513783	4
2034	Château d'Eau	Boulevard de Strasbourg - 75110	48.8724541509199	2.3560561681302907	4
2035	Château de Vincennes	Gare routière - 94080	48.84432514436857	2.440552346211822	1
2036	Châtelet	Théâtre du Châtelet - 75101	48.85856967247972	2.347933245835307	1
2037	Abbesses	Place des Abbesses - 75118	48.8843997149084	2.338399384171042	12
2040	Alésia	Place Victor et Hélène Basch - 75114	48.82806601968645	2.326827420050836	4
2041	Alexandre-Dumas	111 boulevard de Charonne - 75111	48.85640839965758	2.3944997576092732	2
2043	Alma-Marceau	Pont de l'Alma - 75116	48.86429867104669	2.3012514104499293	9
2044	Anatole-France	Rue Voltaire - 92044	48.892018626328884	2.2855174447944844	3
2046	Anvers	68 boulevard Rochechouart - 75118	48.882871690180586	2.344163572800391	2
2048	Argentine	Rue des Acacias - 75117	48.87567248598795	2.289444164481448	1
2050	Arts-et-Métiers	Rue des Vertus - 75103	48.865551863634785	2.356108155120312	3
2051	Arts-et-Métiers	Rue des Vertus - 75103	48.86538117604685	2.3556449312068772	11
2052	Assemblée Nationale	Angle avec le 239 bd Saint-Germain et la rue de Courty - 75107	48.86145390429487	2.3203096905073557	12
2055	Aubervilliers Pantin (4 Chemins)	80 avenue Jean Jaurès - 93001	48.903898047529474	2.3924800786724747	7
2057	Avenue Emile-Zola	Rue du Commerce - 75115	48.846852151949776	2.2954488279344742	10
2058	Avron	Terre-plein face au 35 boulevard de Charonne - 75111	48.851193819213286	2.398239140823123	2
2061	Barbès-Rochechouart	Boulevard de la Chapelle - 75109	48.883931769934414	2.3493557085996466	4
2062	Bastille	Rue de la Roquette - 75104	48.85297567465423	2.3692188244433434	1
2063	Bastille	Rue de la Roquette - 75104	48.85338911229207	2.3691646022087665	5
2065	Bel-Air	34 boulevard de Picpus - 75112	48.84143200664826	2.4008691933800934	6
2066	Belleville	Terre-plein face au 1 boulevard de la Villette - 75119	48.87194579797485	2.3767510413738	11
2067	Bérault	98 avenue de Paris - 94080	48.84536875015732	2.428244509620486	1
2068	Bercy	Rue de Bercy - 75112	48.84019224440348	2.3794772572660587	6
2069	Bir-Hakeim (Grenelle)	Tour Eiffel - 75115	48.854327218552356	2.2888101037361173	6
2071	Blanche	Terre-plein face au 59 boulevard de Clichy - 75118	48.88377051883179	2.332485148274094	2
2072	Bobigny-Pantin (Raymond Queneau)	7 rue de Paris - 93008	48.895799232549	2.4248572983975945	5
2073	Boissière	57 avenue Kléber - 75116	48.86685615476034	2.2900380734450088	6
2075	Bolivar	125 avenue Simon Bolivar - 75119	48.880790122828465	2.374155126662647	7b
2076	Gare de l'Est (Verdun)	Sortie - 75110	48.87681262539273	2.3582514400829155	5
2079	Couronnes	Belleville (37 boulevard de) - 75111	48.86932916949657	2.3805363661617247	2
2080	Crimée	Rue de Crimée - 75119	48.89028877504466	2.3767786489253644	7
2081	Daumesnil (Félix Eboué)	Place Félix Eboué - 75112	48.83937646312499	2.3957880604156494	6
2082	Dugommier	3 boulevard de Reuilly - 75112	48.83887615167852	2.3893473875702935	6
2083	Champs-Elysées-Clémenceau	Clémenceau (place) - 75108	48.867744026068706	2.3141227803741415	1
2085	Château Landon	188 rue du Faubourg Saint-Martin - 75110	48.87845656683119	2.3620537162488993	7
2086	Barbès-Rochechouart	Boulevard de la Chapelle - 75109	48.88368010927906	2.3495328036519307	2
2087	Belleville	Terre-plein face au 1 boulevard de la Villette - 75119	48.87228732058717	2.3767376773224687	2
2088	Billancourt	88 bis avenue du Général Leclerc - 92012	48.832087644282545	2.238160776875514	9
2089	Bobigny-Pablo-Picasso	Préfecture Trésorerie - 93008	48.907147312551565	2.44945750453114	5
2093	Crimée	Rue de Crimée - 75119	48.89028877504466	2.3767786489253644	7
2094	Daumesnil (Félix Eboué)	Place Félix Eboué - 75112	48.83937646312499	2.3957880604156494	6
2096	Anvers	68 boulevard Rochechouart - 75118	48.882871690180586	2.344163572800391	2
2098	Argentine	Rue des Acacias - 75117	48.87567248598795	2.289444164481448	1
2099	Arts-et-Métiers	Rue des Vertus - 75103	48.865551863634785	2.356108155120312	3
2100	Arts-et-Métiers	Rue des Vertus - 75103	48.86538117604685	2.3556449312068772	11
2101	Assemblée Nationale	Angle avec le 239 bd Saint-Germain et la rue de Courty - 75107	48.86145390429487	2.3203096905073557	12
2104	Aubervilliers Pantin (4 Chemins)	80 avenue Jean Jaurès - 93001	48.903898047529474	2.3924800786724747	7
2106	Avenue Emile-Zola	Rue du Commerce - 75115	48.846852151949776	2.2954488279344742	10
2107	Avron	Terre-plein face au 35 boulevard de Charonne - 75111	48.851193819213286	2.398239140823123	2
2110	Barbès-Rochechouart	Boulevard de la Chapelle - 75109	48.883931769934414	2.3493557085996466	4
2111	Bastille	Rue de la Roquette - 75104	48.85297567465423	2.3692188244433434	1
2112	Bastille	Rue de la Roquette - 75104	48.85338911229207	2.3691646022087665	5
2114	Bel-Air	34 boulevard de Picpus - 75112	48.84143200664826	2.4008691933800934	6
2115	Belleville	Terre-plein face au 1 boulevard de la Villette - 75119	48.87194579797485	2.3767510413738	11
2116	Bérault	98 avenue de Paris - 94080	48.84536875015732	2.428244509620486	1
2117	Bercy	Rue de Bercy - 75112	48.84019224440348	2.3794772572660587	6
2118	Bir-Hakeim (Grenelle)	Tour Eiffel - 75115	48.854327218552356	2.2888101037361173	6
2120	Blanche	Terre-plein face au 59 boulevard de Clichy - 75118	48.88377051883179	2.332485148274094	2
2121	Bobigny-Pantin (Raymond Queneau)	7 rue de Paris - 93008	48.895799232549	2.4248572983975945	5
2122	Boissière	57 avenue Kléber - 75116	48.86685615476034	2.2900380734450088	6
2124	Bolivar	125 avenue Simon Bolivar - 75119	48.880790122828465	2.374155126662647	7b
2125	Gare de l'Est (Verdun)	Sortie - 75110	48.87681262539273	2.3582514400829155	5
2128	Couronnes	Belleville (37 boulevard de) - 75111	48.86932916949657	2.3805363661617247	2
2132	Buttes-Chaumont	28 rue Botzaris - 75119	48.877803956007845	2.3812110997359883	7b
2133	Buzenval	51 rue de Buzenval - 75120	48.851767474505195	2.4011814838726444	9
2134	Cadet	Terre-plein face au 65 rue La Fayette - 75109	48.875825718038186	2.343345124573273	7
2135	Cambronne	2 Boulevard Garibaldi Côté des N° pairs - 75115	48.8476991081708	2.302039143669263	6
2136	Campo-Formio	106-112 boulevard de l' Hôpital - 75113	48.835551216675434	2.358752095191401	5
2137	Cardinal-Lemoine	55 rue du Cardinal Lemoine - 75105	48.84670586906026	2.351335178972595	10
2139	Censier-Daubenton	96 rue Monge - 75105	48.840594300001605	2.351755612946688	7
2144	Champs-Elysées-Clémenceau	Clémenceau (place) - 75108	48.867366570469784	2.3141910633936584	13
2147	Charles de Gaulle-Etoile	Place Charles de Gaulle - 75108	48.8739310942679	2.295127251650101	1
2148	Charles de Gaulle-Etoile	Place Charles de Gaulle - 75108	48.87399384072475	2.294663961825911	2
2149	Charles de Gaulle-Etoile	Place Charles de Gaulle - 75108	48.87371526831065	2.294759562849878	6
2150	Charles Michels	36 rue des Entrepreneurs - 75115	48.8463629755008	2.2856310658828742	10
2151	Charonne	188 boulevard Voltaire - 75111	48.85464204744478	2.385032193334828	9
2152	Château Rouge	Rue Custine - 75118	48.887086283050444	2.3493700732513783	4
2153	Château d'Eau	Boulevard de Strasbourg - 75110	48.8724541509199	2.3560561681302907	4
2154	Château de Vincennes	Gare routière - 94080	48.84432514436857	2.440552346211822	1
2155	Châtelet	Théâtre du Châtelet - 75101	48.85856967247972	2.347933245835307	1
2156	Abbesses	Place des Abbesses - 75118	48.8843997149084	2.338399384171042	12
2159	Alésia	Place Victor et Hélène Basch - 75114	48.82806601968645	2.326827420050836	4
2160	Alexandre-Dumas	111 boulevard de Charonne - 75111	48.85640839965758	2.3944997576092732	2
2162	Alma-Marceau	Pont de l'Alma - 75116	48.86429867104669	2.3012514104499293	9
2163	Anatole-France	Rue Voltaire - 92044	48.892018626328884	2.2855174447944844	3
2164	Bréguet-Sabin	Boulevard Richard Lenoir - 75111	48.856803948960916	2.3705968196318707	5
2165	Brochant	Marché des Batignolles - 75117	48.89062663302413	2.320191121275328	13
2167	Cluny-La Sorbonne	Rue Saint Jacques - 75105	48.85079575570429	2.3450308883652258	10
2168	Colonel Fabien	Tterre-plein face au 83 boulevard de la Villette - 75110	48.87818498179219	2.3701745466363584	2
2170	Concorde	Place de la Concorde - 75108	48.86567809641779	2.321193771801867	1
2172	Concorde	Place de la Concorde - 75108	48.8654893908901	2.321411789213801	12
2174	Convention	337 rue de Vaugirard - 75115	48.83713694956265	2.296396090155559	12
2175	Corentin-Cariou	avenue Corentin Cariou - 75119	48.89468154198812	2.382302193974242	7
2176	Corentin-Celton	Rue Ernest Renan - 92040	48.82682988739414	2.278966861574341	12
2177	Corvisart	Boulevard Auguste Blanqui - 75113	48.829863252112794	2.3506227279320897	6
2179	Courcelles	Boulevard de Courcelles - 75108	48.87927215163157	2.303298546682486	2
2183	Croix-de-Chavaux (Jacques Duclos)	Rue de Paris - 93048	48.857999073258	2.435866895674707	9
2185	Denfert-Rochereau	2 avenue du Général Leclerc - 75114	48.83427681284463	2.332203797304786	4
2186	Denfert-Rochereau	2 avenue du Général Leclerc - 75114	48.833998236748336	2.333238501158801	6
2190	Bonne Nouvelle	Boulevard de Bonne Nouvelle - 75109	48.87049583233104	2.348862117440598	9
2191	Botzaris	80 rue Botzaris - 75119	48.87960708893313	2.389415569653207	7b
2193	Boulogne-Jean-Jaurès	Rue du Chateau - 92012	48.84228014352973	2.238862975367271	10
2194	Boulogne Pont de Saint-Cloud	Musée Albert Kahn - 92012	48.84068016312195	2.228313661724341	10
2196	Bourse	Rue Notre-Dame des Victoires - 75102	48.86876179259638	2.3406741288121005	3
2199	Fort d'Aubervilliers	Gare routière - 93001	48.91405674514657	2.403576334511007	7
2200	Franklin-Roosevelt	Palais de la Découverte - 75108	48.869010427937624	2.3102531808960265	1
2201	Franklin-Roosevelt	Palais de la Découverte - 75108	48.868812631860955	2.309926324470496	9
2202	Gabriel-Péri	Gare routière - 92004	48.916574835983226	2.2943289646870606	13
2203	Gaîté	Rue de la Gaîté - 75114	48.838751821388634	2.322509186224712	13
2204	Gallieni (Parc de Bagnolet)	Gare routière - 93006	48.864834901238424	2.416604379961874	3
2205	Gambetta	Père-Lachaise - 75120	48.864782700687876	2.398445833771861	3
2206	Gare d'Austerlitz	SNCF/RER C grandes lignes et banlieue - 75113	48.84341422414371	2.3641883928676424	5
2207	Gare d'Austerlitz	SNCF/RER C grandes lignes et banlieue - 75113	48.84371986136062	2.3639162171627124	10
2208	Gare de l'Est (Verdun)	Sortie - 75110	48.87669583602489	2.3579925105504023	4
2209	Gare de l'Est (Verdun)	Sortie - 75110	48.8764170528791	2.3589870464563276	7
2210	Gare de Lyon	Rue de Bercy - 75112	48.84555978708341	2.37344920496318	1
2212	Gare du Nord	Rue du Faubourg St Denis - 75110	48.87974306422535	2.3546008104722334	4
2213	Gare du Nord	Rue du Faubourg St Denis - 75110	48.87938330261579	2.356372081359306	5
2214	Garibaldi	Avenue Gabriel Péri - 93070	48.906382164226436	2.3319104734589318	13
2216	George V	118 avenue des Champs-Elysées - 75108	48.87204561942636	2.3007691856449535	1
2217	Glacière	Face au 124 boulevard Auguste Blanqui - 75113	48.8312479519874	2.343122075822986	6
2218	Goncourt (Hôpital Saint-Louis)	152 avenue Parmentier - 75110	48.87001535524704	2.3707687990214654	11
2219	Châtelet	Théâtre du Châtelet - 75101	48.85830005598138	2.347865087577108	4
2220	Châtelet	Théâtre du Châtelet - 75101	48.858857284381365	2.347769856742684	11
2221	Châtelet	Théâtre du Châtelet - 75101	48.85720364550444	2.3472247110558406	7
2224	Châtillon Montrouge	r. de l'Avenir - 92020	48.810283363510756	2.3012888709759522	13
2226	Chaussée d'Antin (La Fayette)	Rue La Fayette - 75109	48.872985824665165	2.33342622405285	7
2227	Chaussée d'Antin (La Fayette)	Rue La Fayette - 75109	48.87285998941257	2.3330447509269225	9
2229	Chevaleret	Terre-plein face au 79 boulevard Vincent Auriol - 75113	48.83496497071995	2.3680913458793973	6
2230	Cité	2 Place Louis Lepine - 75104	48.85568485028629	2.3462029295287157	4
2232	Jussieu	39 rue Liné - 75105	48.8459684322046	2.3548073926942186	7
2233	Jussieu	39 rue Liné - 75105	48.84576175731147	2.354548594906739	10
2234	Kléber	15 avenue Kléber - 75116	48.87130614908782	2.2933310208962174	6
2235	La Chapelle	Rue du Faubourg Saint Denis - 75110	48.884388698358165	2.3592765642767297	2
2236	La Courneuve-8-Mai-1945	Place du 8 Mai 1945 - 93027	48.92051450668569	2.410225779120198	7
2241	La Motte-Picquet-Grenelle	Face au 130-113 boulevard de Grenelle - 75115	48.84882126668606	2.2979529640251917	10
2242	La Muette	5 avenue Mozart - 75116	48.85809504968323	2.274096448110612	9
2245	Lamarck-Caulaincourt	Lamarck (53/53 bis rue) - 75118	48.8897381077178	2.339149086674118	12
2247	Laumière	av. Jean Jaurès - 75119	48.8849316105461	2.379091246899838	5
2250	Le Kremlin-Bicêtre	Hôpital Kremlin Bicêtre - 94043	48.810385125129486	2.3618306830911315	7
2251	Dupleix	Boulevard de Grenelle - 75115	48.85039257831968	2.2936483362305387	6
2252	Duroc	bd du Montparnasse - 75107	48.846848768895974	2.3169373108340854	10
2253	Duroc	bd du Montparnasse - 75107	48.84699250092279	2.3165423447702307	13
2255	Edgar-Quinet	Place Edgar Quinet) - 75114	48.84056772620437	2.326402815222764	6
2256	Eglise d'Auteuil	20 rue Wilhem - 75116	48.84753224211661	2.2694792821877074	10
2257	Eglise de Pantin	Rue Charles Auffrey - 93055	48.89363252797401	2.41290026603005	5
2258	Esplanade de la Défense	Quartier Saisons - 92062	48.88835806016618	2.249937212862802	1
2259	Etienne Marcel	14 rue Turbigo - 75101	48.86371036646956	2.3489831961271017	4
2260	Europe	1 rue de Madrid - 75108	48.87906043921274	2.3229746324058937	3
2261	Exelmans	Hôpital Henry Dunant - 75116	48.84290697853592	2.2601443978808957	9
2263	Falguière	138 rue du Cherche-Midi - 75115	48.84432338300201	2.317564676180599	12
2266	Jourdain	7 rue du Jourdain - 75120	48.87524829462498	2.389329434152641	11
2267	Jules Joffrin	2 place Jules Joffrin - 75118	48.89249697693026	2.3443284105515048	12
2268	Mairie de Clichy	Hôpital Gouin - 92024	48.90400543242958	2.3053681208668606	13
2269	Mairie de Montreuil	Place Jean Jaurès - 93048	48.862280986339	2.441827679127713	9
2270	Mairie de Saint-Ouen	Rue Albert Dhalenne - 93070	48.91162168038383	2.3337369648420916	13
2271	Mairie des Lilas	Place du Colonel Fabien - 93045	48.880051061772676	2.415660206064229	11
2272	Maison Blanche	144 avenue d' Italie - 75113	48.82287877506322	2.358079894290851	7
2275	Malakoff-Plateau de Vanves	r. Jean Bleuzen - 92020	48.8224426939998	2.2979321053287274	13
2276	Malakoff-Rue Etienne Dolet	87 rue Guy Môquet - 92020	48.81470406056698	2.2972847301706394	13
2277	Malesherbes	Place du Général Catroux - 75117	48.88253647289218	2.311009243005514	3
2278	Maraîchers	67 bis rue des Pyrénées - 75120	48.8526004024001	2.4063849895661393	9
2279	Marcadet-Poissonniers	88 boulevard Barbès - 75118	48.89160682271851	2.349548310988923	12
2280	Marcel Sembat	Rue des Quatre Cheminées - 92012	48.833808586980275	2.243480614417395	9
2282	Marx-Dormoy	4 rue de la Chapelle - 75118	48.890374081221125	2.3597970086706117	12
2283	La Défense (Grande Arche)	Parvis de la Défense - 92062	48.891826754836515	2.237992043215619	1
2284	Guy-Môquet	86 avenue de Saint-Ouen - 75118	48.893009056051206	2.3274958394904894	13
2285	Havre-Caumartin	bd Haussmann - 75109	48.8734618906704	2.3284804844734768	3
2286	Havre-Caumartin	bd Haussmann - 75109	48.873425976534854	2.3289709732965647	9
2287	Hoche	Centre Commercial - 93055	48.891499383764256	2.4031249606560765	5
2288	Hôtel de Ville	Rue du Temple - 75104	48.857355927169515	2.3520735668587185	1
2289	Hôtel de Ville	Rue du Temple - 75104	48.85780537313629	2.351460776513565	11
2291	Iéna	av. du Président Wilson - 75116	48.864350199647255	2.2940452637830906	9
2293	Invalides	Rue de l' Université - 75107	48.86085078966753	2.314548112626649	13
2294	Jacques-Bonsergent	bd de Magenta - 75110	48.87070082326957	2.3605786355872773	5
2295	Jasmin	85 avenue Mozart - 75116	48.852438519222666	2.2679339230009505	9
2296	Jaurès	Face au 2 place de Stalingrad - 75119	48.88276854674882	2.36994579899074	2
2297	Jaurès	Face au 2 place de Stalingrad - 75119	48.88287621621258	2.3705863361654225	5
2298	Jaurès	Face au 2 place de Stalingrad - 75119	48.88232802491925	2.3704769687699216	7b
2299	Javel-André-Citroen	Rue de la Convention - 75115	48.84596388048408	2.2778151263537714	10
2301	Mairie d'Ivry	Centre Commercial - 94041	48.81121453549021	2.383508928732683	7
2303	Nationale	Terre-plein face au 124-143 boulevard Vincent Auriol - 75113	48.832881288678834	2.3619094080161975	6
2308	Notre-Dame de Lorette	Rue de Chateaudun - 75109	48.876050554237366	2.337908692037609	12
2309	Notre-Dame des Champs	Terre-plein face au 112 boulevard Raspail - 75106	48.84478304833005	2.3284444832927207	12
2310	Oberkampf	43 boulevard Voltaire - 75111	48.86490241594044	2.367537013481096	5
2311	Oberkampf	43 boulevard Voltaire - 75111	48.86497429063367	2.36763241156394	9
2312	Odéon	Carrefour de l' Odéon - 75106	48.85219804523044	2.33878000304498	4
2313	Opéra	Théâtre National de l'Opéra - 75109	48.870720976292084	2.3322547435729586	3
2314	Opéra	Théâtre National de l'Opéra - 75109	48.870559216544876	2.332554482049589	7
2316	Le Peletier	Rue de la Victoire - 75109	48.87496305802612	2.3401567908492056	7
2321	Les Gobelins	Manufacture des Gobelins - 75113	48.83612743975252	2.3520811178355734	7
2322	Les Halles	Rue Turbigo - 75101	48.862011970720516	2.3464764519062062	4
2323	Les Sablons (Jardin d'acclimatation)	Jardin d'Acclimatation - 92051	48.88129918549113	2.2719151760177914	1
2325	Liège	Terre-plein face au 21 rue de Liège - 75108	48.87953716638082	2.3268579472729614	13
2327	Louis Blanc	234 rue du Faubourg Saint-Martin - 75110	48.88090042815109	2.365107218264337	7
2328	Louis Blanc	234 rue du Faubourg Saint-Martin - 75110	48.8814934288588	2.3657752423496143	7b
2329	Louise Michel	Rue Anatole France - 92044	48.889269622246026	2.2880551248039036	3
2331	Louvre-Rivoli	Amiral de Coligny (8 rue de l') - 75101	48.86087985759375	2.340973275817903	1
2334	Mabillon	Place d' Arcadie - 75106	48.85284513365445	2.335143718516068	10
2336	Madeleine	Rue De Sèze - 75108	48.8697947152178	2.3246120120222655	12
2337	Mairie d'Issy	Rue du Général Leclerc - 92040	48.82434652601842	2.2735658296006465	12
2338	Nation	Terre-plein face au 3 place de la Nation - 75112	48.84942390087223	2.3970250382993576	2
2339	Nation	Terre-plein face au 3 place de la Nation - 75112	48.8474552623419	2.3977717436108956	6
2341	Pont de Levallois-Bécon	Rue Baudin - 92044	48.89730990517954	2.2807686428069003	3
2342	Pont de Neuilly	209 avenue Charles de Gaulle - 92051	48.88550610941816	2.258527470197358	1
2343	Pont de Sèvres	quai Alphonse Le Gallo - 92012	48.829690338022736	2.2305284341923346	9
2344	Pont Marie (Cité des Arts)	quai de l'Hôtel de Ville - 75104	48.85346358569476	2.357383972809163	7
2345	Pont Neuf	quai du Louvre - 75101	48.85853410228574	2.3421172386659985	7
2346	Porte d'Auteuil	Route des Lacs - 75116	48.84822598041119	2.257698885660922	10
2347	Porte d'Italie	Boulevard Masséna - 75113	48.8187170251155	2.360500832805366	7
2350	Maubert-Mutualité	Panthéon - 75105	48.849716940163574	2.348925558491872	10
2351	Ménilmontant	Ménilmontant (139/148 boulevard de) - 75111	48.865705787623	2.3844293751632057	2
2353	Michel-Ange-Auteuil	55 rue d' Auteuil - 75116	48.847924592785105	2.264235905782418	9
2354	Michel-Ange-Auteuil	55 rue d' Auteuil - 75116	48.847933946139044	2.2648350771736747	10
2355	Michel-Ange-Molitor	34 rue Molitor - 75116	48.845056129032	2.261911423279769	9
2358	Miromesnil	29 rue de la Boétie - 75108	48.87353214061607	2.3155780248661895	9
2359	Miromesnil	29 rue de la Boétie - 75108	48.87346032551137	2.3160412889150637	13
2361	Monceau	1 Place de la République Dominicaine - 75108	48.88057689074842	2.309415946164807	2
2363	Montparnasse-Bienvenue	Raoul Dautry (place, SNCF Montparnasse) - 75114	48.844189508526796	2.324441232433701	4
2364	Montparnasse-Bienvenue	Raoul Dautry (place, SNCF Montparnasse) - 75114	48.84187033630407	2.3212283740035646	6
2365	Montparnasse-Bienvenue	Raoul Dautry (place, SNCF Montparnasse) - 75114	48.844027636151914	2.323569797217576	12
2366	Montparnasse-Bienvenue	Raoul Dautry (place, SNCF Montparnasse) - 75114	48.84207702018728	2.321010449555117	13
2367	Mouton-Duvernet	42 avenue du Général Leclerc - 75114	48.832191599269656	2.3304069926293205	4
2371	Nation	Terre-plein face au 3 place de la Nation - 75112	48.84811123157566	2.3980040127977436	1
2372	Plaisance	Rue Raymond Losserand - 75114	48.83175809378841	2.3138665498481625	13
2373	Poissonnière	Terre-plein face au 96/98 rue La Fayette - 75110	48.877353095288015	2.349381423952599	7
2374	Réaumur-Sébastopol	Square Emile Chantemps - 75102	48.86604666963103	2.352620954015186	4
2375	Réaumur-Sébastopol	Square Emile Chantemps - 75102	48.86628035856129	2.352484796837845	3
2376	République	Av de la République - 75111	48.86725794359829	2.3640373036390545	3
2377	République	Av de la République - 75111	48.86761748653104	2.3638195214331654	5
2382	Ourcq	161 avenue Jean Jaurès - 75119	48.886923877470686	2.3866564344034558	5
2383	Palais-Royal (Musée du Louvre)	Terre-plein face au 93 rue de Rivoli - 75101	48.8623718215243	2.3365736007364304	1
2384	Palais-Royal (Musée du Louvre)	Terre-plein face au 93 rue de Rivoli - 75101	48.86338738506552	2.3354838367723683	7
2389	Parmentier	48 avenue de la République - 75111	48.86525985667316	2.3747570817167682	3
2390	Passy	pl. du Costa Rica - 75116	48.857534382513876	2.28559270581709	6
2391	Pasteur	183 rue de Vaugirard - 75115	48.842012804057696	2.3132900438354906	6
2392	Pasteur	183 rue de Vaugirard - 75115	48.8428305421094	2.3126633077591134	12
2393	Pelleport	Paul Signac (place, en face du 125 avenue Gambetta) - 75120	48.86822334760734	2.401324380544102	3b
2394	Père-Lachaise	Avenue de la République - 75111	48.86316120506396	2.3872604001843536	2
2395	Père-Lachaise	Avenue de la République - 75111	48.862945661667425	2.3868924045430804	3
2396	Pereire	Square Albert Besnard - 75117	48.8850310612536	2.2971351115061647	3
2397	Pernety	Rue Niepce - 75114	48.833933819810916	2.31790897216328	13
2398	Philippe Auguste	212 boulevard de Charonne - 75111	48.85837884146994	2.3897347327397043	2
2399	Picpus	46 avenue de Saint-Mandé - 75112	48.84532311461395	2.4017863137606863	6
2400	Pierre et Marie Curie	117-119 avenue Maurice Thorez - 94041	48.81591718160038	2.377878816483871	7
2401	Pigalle	26 boulevard de Clichy - 75118	48.88242252841757	2.337254682101535	2
2402	Pigalle	26 boulevard de Clichy - 75118	48.88202708962622	2.337213801747862	12
2403	Place d'Italie	Place d' Italie - 75113	48.8312826555064	2.3554558703645068	5
2404	Place d'Italie	Place d' Italie - 75113	48.831111838257115	2.3557961457130645	6
2405	Place de Clichy	Terre-plein face au 7 place de Clichy - 75109	48.88345565159549	2.3273749934103556	2
2406	Place de Clichy	Terre-plein face au 7 place de Clichy - 75109	48.883203999876585	2.3272660246411383	13
2408	Place des Fêtes	Rue de Crimée - 75119	48.87672946890669	2.393146031767842	11
2409	Raspail	Boulevard Edgard Quinet - 75114	48.838878378565504	2.330678419288263	6
2411	Saint-Sulpice	Rue de Rennes - 75106	48.8511463550549	2.3309628563664644	4
2412	Porte d'Ivry	Avenue d'Ivry - 75113	48.82135736230755	2.369308237223248	7
2413	Porte d'Orléans (Général Leclerc)	Rue de la Légion Etrangère - 75114	48.82281706023495	2.325072625148001	4
2414	Porte Dauphine (Maréchal de Lattre de Tassigny)	Boulevard Amiral Bruix - 75116	48.87179221641751	2.27486996119569	2
2415	Porte de Bagnolet	Rue de la Py - 75120	48.864336535483645	2.4088253760377283	3
2416	Porte de Champerret	Place Stuart-Merrill - 75117	48.88573915969202	2.2918606206755348	3
2418	Porte de Choisy	130 boulevard Masséna - 75113	48.81990244616168	2.364965598290819	7
2419	Porte de Clichy	rue Fragonard - 75117	48.894436060297956	2.313565665465226	13
2420	Porte de Clignancourt	Rue Belliard - 75118	48.89797017040717	2.3439883834332904	4
2421	Porte de la Chapelle	Rue Raymond Queneau - 75118	48.89795934324147	2.3592550695796524	12
2422	Porte de la Villette	Cité des Sciences - La Géode - Le Zénith - 75119	48.89752915689145	2.3856442301273044	7
2423	Porte de Montreuil	Rue d'Avron - 75120	48.85337987781381	2.4104581874163533	9
2424	Porte de Pantin	Avenue Jean Jaurès - 75119	48.888583980971895	2.3924228757185415	5
2425	Porte de Saint-Cloud	Place de la Porte de Saint-Cloud - 75116	48.837565334473624	2.255591274447898	9
2426	Porte de Saint-Ouen	Rue Liebniz - 75118	48.89751173277147	2.329021647212208	13
2427	Porte de Vanves	9 boulevard Brune - 75114	48.82776532658967	2.3043123507630607	13
2428	Porte de Versailles	Palais des Sports - 75115	48.832253452749	2.287864137819189	12
2429	Porte de Vincennes	99 Cours de Vincennes - 75120	48.847016518419125	2.410816882334764	1
2430	Porte des Lilas	Rue de Belleville - 75120	48.8769382235089	2.4063765669297816	3b
2431	Porte des Lilas	Rue de Belleville - 75120	48.87723471669558	2.4065268430480917	11
2433	Porte Maillot	Palais des Congrès - 75117	48.87800617627899	2.2824656400013326	1
2434	Pré-Saint-Gervais	52 boulevard Serrurier - 75119	48.88015993211241	2.3985866218697662	7b
2435	Pyramides	Rue de l'Echelle - 75101	48.86649698703855	2.334094215259097	7
2436	Pyrénées	401 rue des Pyrénées - 75120	48.87382117233675	2.384886372197903	11
2437	Quai de la Rapée	Quai de la Rapée - 75112	48.84596603240645	2.3669131797383116	5
2438	Quatre Septembre	20 rue du Quatre Septembre - 75102	48.86966057219203	2.3363282816417112	3
2439	Rambuteau	Centre Georges Pompidou - 75104	48.86119339564163	2.3532869598707133	11
2440	Ranelagh	48 avenue Mozart - 75116	48.85550440300199	2.269959178255765	9
2441	Saint-Philippe du Roule	69 avenue Franklin D. Roosevelt - 75108	48.8724706657937	2.310769101230354	9
2442	Saint-Placide	Rue de Rennes - 75106	48.84701184016864	2.327055111355132	4
2443	Reuilly-Diderot	Boulevard Diderot - 75112	48.8473528769588	2.3858425400402448	1
2445	Richard-Lenoir	Boulevard Richar Lenoir - 75111	48.860488412845775	2.3719204375021397	5
2447	Richelieu-Drouot	Rue Marivaux - 75109	48.872096123789774	2.339325555856426	9
2448	Riquet	Avenue de Flandre - 75119	48.8883932319013	2.374433108884994	7
2449	Robespierre	185 rue de Paris - 93048	48.855680808196944	2.423659085483019	9
2452	Rome	60 boulevard des Batignolles - 75117	48.88207083393704	2.3203983393099863	2
2453	Rue de la Pompe (Avenue Georges Mandel)	56 avenue Georges Mandel - 75116	48.864253384403426	2.277916762028845	9
2454	Rue des Boulets	232 boulevard Voltaire - 75111	48.8522227131835	2.389115650927187	9
2455	Rue du Bac	Terre-plein face au 2 boulevard Raspail - 75107	48.85589133781551	2.325704993899314	12
2457	Grands Boulevards	Musée Grévin - 75109	48.871511817078165	2.343208377544865	9
2459	Saint-Ambroise	86 boulevard Voltaire - 75111	48.86164742429928	2.373147140772303	9
2460	Saint-Augustin	Église Saint-Augustin - 75108	48.87438676021276	2.3207278319647315	9
2461	Basilique de Saint-Denis	Place du Cacquet - 93066	48.936477492650496	2.3596397453045825	13
2462	Saint-Denis - Porte de Paris	Stade de France - 93066	48.92992666527093	2.3561861491888694	13
2463	Saint-Fargeau	112 avenue Gambetta - 75120	48.871699810971116	2.4042987242021825	3b
2464	Saint-François-Xavier	Avenue de Villars - 75107	48.8509825598235	2.31442986460027	13
2465	Saint-Georges	Place Saint-Georges - 75109	48.878593955236205	2.3378269689170192	12
2466	Saint-Germain des Prés	Ecole des Beaux Arts - 75106	48.85344723773834	2.333046326044867	4
2467	Saint-Lazare	Rue de l' Arcade - 75108	48.87568150641968	2.325591584819959	3
2468	Saint-Lazare	Rue de l' Arcade - 75108	48.875420977789275	2.3266952720717047	12
2469	Saint-Lazare	Rue de l' Arcade - 75108	48.876067814352574	2.324188100771013	13
2470	Saint-Mandé	180 avenue Galliéni - 94067	48.84623825662077	2.418999828109256	1
2471	Rue Saint-Maur	Avenue de la République - 75111	48.86408940574645	2.3808997885521195	3
2472	Saint-Michel	Place Saint-Michel - 75105	48.853599907885794	2.3439962410940125	4
2475	Sèvres-Lecourbe	Terre-plein face au 94 boulevard Garibaldi - 75115	48.84499615085685	2.310864830044154	6
2476	Sèvres-Babylone	Square Boucicaut - 75107	48.85093928843075	2.3261146548222844	10
2477	Sèvres-Babylone	Square Boucicaut - 75107	48.85157746899621	2.3268907883428853	12
2478	Simplon	38 boulevard Ornano - 75118	48.894042554516574	2.3473135785509056	4
2479	Solférino	Rue de Solférino - 75107	48.858533359508236	2.323089248787209	12
2484	Stalingrad	Bassin de la Villette - 75119	48.88418929420877	2.367030441974567	2
2485	Stalingrad	Bassin de la Villette - 75119	48.88415326312386	2.3673574774663866	5
2486	Stalingrad	Bassin de la Villette - 75119	48.88407198636439	2.3688700627777948	7
2487	Strasbourg-Saint-Denis	Porte Saint-Martin - 75102	48.86963236518746	2.35450206308924	4
2488	Strasbourg-Saint-Denis	Porte Saint-Martin - 75102	48.869227930987556	2.354529175385818	9
2491	Sully-Morland	Préfecture de Paris - 75104	48.85079359474211	2.3612369937142983	7
2492	Télégraphe	Rue de Belleville - 75120	48.87552244924565	2.3986765111449513	11
2493	Temple	Rue du Temple - 75103	48.866764167814516	2.3615713270327316	3
2494	Ternes	Salle Pleyel - 75117	48.87822804050767	2.2981214325821844	2
2495	Tolbiac	Avenue d'Italie - 75113	48.82615945391136	2.3570194661891253	7
2496	Trinité-d'Estienne d'Orves	50 rue de Chateaudun - 75109	48.8763290374387	2.331804568510596	12
2497	Trocadéro	Place du Trocédéro - 75116	48.862666905879294	2.2872630615532628	6
2498	Tuileries	210 rue de Rivoli - 75101	48.86478016250008	2.3290949544294275	1
2500	Vaneau	97 rue de Sèvres - 75107	48.84870084962003	2.321239881938573	10
2501	Vaugirard (Adolphe Chérioux)	Square de Vergenne - 75115	48.83943928123955	2.3010780424739252	12
2502	Vavin	108 boulevard du Montparnasse - 75106	48.84205985758205	2.328867050437212	4
2504	Victor Hugo	4 place Victor Hugo - 75116	48.869864912484076	2.285226207250439	2
2505	Villejuif-Louis Aragon	Boulevard Maxime Gorky - 94076	48.786638011119834	2.367110527381649	7
2506	Villejuif-Paul Vaillant Couturier (Hôpital Paul Brousse)	Boulevard Maxime Gorky - 94076	48.79599413239317	2.3682314519156806	7
2509	Villiers	Parc de Monceau - 75117	48.88132429394468	2.3165967615088174	2
2510	Villiers	Parc de Monceau - 75117	48.88140510041144	2.316147050907411	3
2512	Volontaires	25 rue des Volontaires - 75115	48.84141844267774	2.307993649386661	12
2513	Voltaire (Léon Blum)	Boulevard Voltaire - 75111	48.85766372576006	2.3800362967955064	9
2514	Wagram	Place Monseigneur Loutil - 75117	48.883712476037346	2.3055577575143036	3
2517	Trocadéro	Place du Trocédéro - 75116	48.8630891350352	2.2868403784945937	9
2518	Varenne	13 boulevard des Invalides - 75107	48.85639306919846	2.3147543648102884	13
2519	Villejuif-Léo Lagrange	Rue du Dauphin - 94076	48.80376966328267	2.3639093063890435	7
2520	Saint-Jacques	Terre-plein face au 46 boulevard Saint-Jacques - 75114	48.83299169177581	2.3366828966443496	6
2521	Saint-Marcel	La Pitié-Salpêtrière - 75113	48.838516743515164	2.360727550361784	5
2522	Saint-Paul (Le Marais)	Rivoli (terre plein face au 10 rue de) - 75104	48.85513451823504	2.3613343390676635	1
2524	Quai de la Gare	Quai de la Gare - 75113	48.83761467578531	2.373852115680497	6
2525	Raspail	Boulevard Edgard Quinet - 75114	48.83915698149679	2.330474151162931	4
2526	Rennes	Terre-plein face au 78 boulevard Raspail - 75106	48.848198268824774	2.3280217486281134	12
2527	République	Av de la République - 75111	48.86741082883539	2.363587825558049	9
2528	Place d'Italie	Place d' Italie - 75113	48.831552302643125	2.3553334432190454	7
2529	Place Monge (Jardin des Plantes)	Arènes de Lutèce - 75105	48.843164692766834	2.3521103624150967	7
2531	Nation	Terre-plein face au 3 place de la Nation - 75112	48.849010153648216	2.3976646127910075	9
2533	Odéon	Carrefour de l' Odéon - 75106	48.85231488119486	2.338861720336335	10
2535	Marcadet-Poissonniers	88 boulevard Barbès - 75118	48.891543930630554	2.3493711153819112	4
2536	La Fourche	Avenue de Clichy - 75117	48.8874368425293	2.3257252220174083	13
2537	La Motte-Picquet-Grenelle	Face au 130-113 boulevard de Grenelle - 75115	48.849018928349764	2.297762160707931	6
2539	Gambetta	Père-Lachaise - 75120	48.86503429801815	2.3985414869122423	3b
2541	Ségur	UNESCO - Miollis - 75115	48.84686470206919	2.307268847578926	10
2542	Sentier	97 rue Réaumur - 75102	48.8673503814313	2.3475672354150805	3
2543	Dugommier	3 boulevard de Reuilly - 75112	48.83887615167852	2.3893473875702935	6
2544	Champs-Elysées-Clémenceau	Clémenceau (place) - 75108	48.867744026068706	2.3141227803741415	1
2546	Château Landon	188 rue du Faubourg Saint-Martin - 75110	48.87845656683119	2.3620537162488993	7
2547	Barbès-Rochechouart	Boulevard de la Chapelle - 75109	48.88368010927906	2.3495328036519307	2
2548	Belleville	Terre-plein face au 1 boulevard de la Villette - 75119	48.87228732058717	2.3767376773224687	2
2549	Billancourt	88 bis avenue du Général Leclerc - 92012	48.832087644282545	2.238160776875514	9
2550	Bobigny-Pablo-Picasso	Préfecture Trésorerie - 93008	48.907147312551565	2.44945750453114	5
8433	Porte d'Auteuil	Route des Lacs - 75116	48.84822598041119	2.257698885660922	10
140078	Saint-Denis-Université	Gare Routière - 93066	48.94611087248738	2.3620451929905992	13
140079	Saint-Denis-Université	Gare Routière - 93066	48.94611087248738	2.3620451929905992	13
967988	République	Av de la République - 75111	48.867240185361254	2.3630564459452406	11
967989	République	Av de la République - 75111	48.867240185361254	2.3630564459452406	11
1166824	Olympiades	Rue de Tolbiac - 75113	48.82694828196076	2.367038433387592	14
1166825	Olympiades	Rue de Tolbiac - 75113	48.82694828196076	2.367038433387592	14
1166826	Bibliothèque-François Mitterrand	Rue du Chevaleret - 75113	48.829830695271106	2.376120009344837	14
1166827	Bibliothèque-François Mitterrand	Rue du Chevaleret - 75113	48.829830695271106	2.376120009344837	14
1166828	Cour Saint-Emilion	Rue François Truffaut - 75112	48.833520860805514	2.3862652367404573	14
1166829	Cour Saint-Emilion	Rue François Truffaut - 75112	48.833520860805514	2.3862652367404573	14
1166830	Bercy	Rue de Bercy - 75112	48.840542782965464	2.3794094631230687	14
1166831	Bercy	Rue de Bercy - 75112	48.840542782965464	2.3794094631230687	14
1166832	Gare de Lyon	Rue de Bercy - 75112	48.844652150982945	2.37310814754528	14
1166833	Gare de Lyon	Rue de Bercy - 75112	48.844652150982945	2.37310814754528	14
1166834	Châtelet	Théâtre du Châtelet - 75101	48.85895618133369	2.3473612552142624	14
1166835	Châtelet	Théâtre du Châtelet - 75101	48.85895618133369	2.3473612552142624	14
1166838	Madeleine	Rue De Sèze - 75108	48.869578970578424	2.324162488791942	14
1166839	Madeleine	Rue De Sèze - 75108	48.869578970578424	2.324162488791942	14
1166840	Saint-Lazare	Rue de l' Arcade - 75108	48.87551971359774	2.325373620076727	14
1166841	Saint-Lazare	Rue de l' Arcade - 75108	48.87551971359774	2.325373620076727	14
1662795	Les Agnettes	Angle rue des Bas et Rue Louis Calmel - 92004	48.92291633150906	2.285963896576634	13
1662796	Les Agnettes	Angle rue des Bas et Rue Louis Calmel - 92004	48.92291633150906	2.285963896576634	13
1662797	Asnières-Gennevilliers Les Courtilles	Angle Boulevard Pierre de Coubertin / Avenue Lucien Lanternier - 92004	48.93029362287076	2.2837606331952487	13
1662798	Asnières-Gennevilliers Les Courtilles	Angle Boulevard Pierre de Coubertin / Avenue Lucien Lanternier - 92004	48.93029362287076	2.2837606331952487	13
1692060	Carrefour-Pleyel	Centre Paris - Pleyel - 93066	48.9199435050834	2.3439094197858905	13
1692061	Carrefour-Pleyel	Centre Paris - Pleyel - 93066	48.9199435050834	2.3439094197858905	13
3343334	Balard	Rue Louis Armand - 75115	48.836814988805976	2.2786833464502703	8
3343335	Balard	Rue Louis Armand - 75115	48.836814988805976	2.2786833464502703	8
3343336	Lourmel	Avenue Felix Faure - 75115	48.83866812903008	2.2822484883840986	8
3343337	Lourmel	Avenue Felix Faure - 75115	48.83866812903008	2.2822484883840986	8
3343338	Boucicaut	Rue Félix Faure - 75115	48.84102535532167	2.287923867330867	8
3343339	Boucicaut	Rue Félix Faure - 75115	48.84102535532167	2.287923867330867	8
3343746	Félix Faure	Place Félix Faure - 75115	48.84282456767407	2.2922249662205156	8
3343752	Félix Faure	Place Félix Faure - 75115	48.84282456767407	2.2922249662205156	8
3343753	Commerce	21 place du Commerce - 75115	48.84461367199405	2.293802980169146	8
3343754	Commerce	21 place du Commerce - 75115	48.84461367199405	2.293802980169146	8
3343755	La Motte-Picquet-Grenelle	Face au 130-113 boulevard de Grenelle - 75115	48.848803206044934	2.29769423466391	8
3343756	La Motte-Picquet-Grenelle	Face au 130-113 boulevard de Grenelle - 75115	48.848803206044934	2.29769423466391	8
3343757	Ecole Militaire	Avenue Duquesne - 75107	48.85426092155411	2.305439560539011	8
3343758	Ecole Militaire	Avenue Duquesne - 75107	48.85426092155411	2.305439560539011	8
3343759	La Tour-Maubourg	Les Invalides Tombeau de l'Empereur - Musée de l'Armée - 75107	48.85722786064964	2.3097962258273563	8
3343760	La Tour-Maubourg	Les Invalides Tombeau de l'Empereur - Musée de l'Armée - 75107	48.85722786064964	2.3097962258273563	8
3343761	Invalides	Rue de l' Université - 75107	48.86109346762053	2.3146433553464374	8
3343762	Invalides	Rue de l' Université - 75107	48.86109346762053	2.3146433553464374	8
3343763	Concorde	Place de la Concorde - 75108	48.865507221530486	2.3203628558611284	8
3343764	Concorde	Place de la Concorde - 75108	48.865507221530486	2.3203628558611284	8
3343765	Madeleine	Rue De Sèze - 75108	48.86950712762907	2.324680199591515	8
3343766	Madeleine	Rue De Sèze - 75108	48.86950712762907	2.324680199591515	8
3343767	Opéra	Théâtre National de l'Opéra - 75109	48.87063108014849	2.331737048361137	8
3343768	Opéra	Théâtre National de l'Opéra - 75109	48.87063108014849	2.331737048361137	8
3343769	Richelieu-Drouot	Rue Marivaux - 75109	48.87200623896137	2.339911390610416	8
3343770	Richelieu-Drouot	Rue Marivaux - 75109	48.87200623896137	2.339911390610416	8
3343771	Grands Boulevards	Musée Grévin - 75109	48.87157474359305	2.3428950319846593	8
3343772	Grands Boulevards	Musée Grévin - 75109	48.87157474359305	2.3428950319846593	8
3343773	Bonne Nouvelle	Boulevard de Bonne Nouvelle - 75109	48.87057675358199	2.348494293710928	8
3343774	Bonne Nouvelle	Boulevard de Bonne Nouvelle - 75109	48.87057675358199	2.348494293710928	8
3343775	Strasbourg-Saint-Denis	Porte Saint-Martin - 75102	48.869380780106006	2.3540796521963494	8
3343776	Strasbourg-Saint-Denis	Porte Saint-Martin - 75102	48.869380780106006	2.3540796521963494	8
3343777	République	Av de la République - 75111	48.86767151899055	2.363329120776082	8
3343778	République	Av de la République - 75111	48.86767151899055	2.363329120776082	8
3343779	Filles du Calvaire	Musée Picasso - 75103	48.86307817635541	2.36674588358473	8
3343780	Filles du Calvaire	Musée Picasso - 75103	48.86307817635541	2.36674588358473	8
3343781	Saint-Sébastien-Froissart	Rue Froissart - 75103	48.86097499718719	2.3672622950229414	8
3343782	Saint-Sébastien-Froissart	Rue Froissart - 75103	48.86097499718719	2.3672622950229414	8
3343783	Chemin Vert	Place des Vosges - 75103	48.85758654446453	2.3680366949483758	8
3343784	Chemin Vert	Place des Vosges - 75103	48.85758654446453	2.3680366949483758	8
3343785	Bastille	Rue de la Roquette - 75104	48.85373962301297	2.3691648178618325	8
3343786	Bastille	Rue de la Roquette - 75104	48.85373962301297	2.3691648178618325	8
3343787	Ledru-Rollin	Rue Traversière - 75112	48.85119416536367	2.3759317370128947	8
3343788	Ledru-Rollin	Rue Traversière - 75112	48.85119416536367	2.3759317370128947	8
3343789	Faidherbe-Chaligny	Hôpital St-Antoine - 75111	48.85006766800271	2.3844287707416316	8
3343790	Faidherbe-Chaligny	Hôpital St-Antoine - 75111	48.85006766800271	2.3844287707416316	8
3343791	Reuilly-Diderot	Boulevard Diderot - 75112	48.84721750107955	2.387204177213597	8
3343792	Reuilly-Diderot	Boulevard Diderot - 75112	48.84721750107955	2.387204177213597	8
3343793	Montgallet	68 rue de Reuilly - 75112	48.844403092096876	2.39025165315774	8
3343794	Montgallet	68 rue de Reuilly - 75112	48.844403092096876	2.39025165315774	8
3343795	Daumesnil (Félix Eboué)	Place Félix Eboué - 75112	48.83968214020875	2.3955841703466554	8
3343796	Daumesnil (Félix Eboué)	Place Félix Eboué - 75112	48.83968214020875	2.3955841703466554	8
3343797	Michel Bizot	Avenue Daumesnil - 75112	48.836991037652965	2.402919606870042	8
3343798	Michel Bizot	Avenue Daumesnil - 75112	48.836991037652965	2.402919606870042	8
3343799	Porte Dorée	Place Edouard Renard - 75112	48.83549725282465	2.4061852122149348	8
3343800	Porte Dorée	Place Edouard Renard - 75112	48.83549725282465	2.4061852122149348	8
3343801	Porte de Charenton	68 Boulevard Poniatowsky - 75112	48.83266034648216	2.4004636384497804	8
3343802	Porte de Charenton	68 Boulevard Poniatowsky - 75112	48.83266034648216	2.4004636384497804	8
3343803	Liberté	Rue de Paris - 94018	48.82563711172796	2.4074108054261223	8
3343804	Liberté	Rue de Paris - 94018	48.82563711172796	2.4074108054261223	8
3343805	Charenton-Ecoles	Rue de Paris - 94018	48.821489819145576	2.4138567623311062	8
3343806	Charenton-Ecoles	Rue de Paris - 94018	48.821489819145576	2.4138567623311062	8
3343807	Ecole Vétérinaire de Maisons-Alfort	Musée Fragonard - 94046	48.81507632012976	2.4216317667306635	8
3343808	Ecole Vétérinaire de Maisons-Alfort	Musée Fragonard - 94046	48.81507632012976	2.4216317667306635	8
3343809	Maisons-Alfort-Stade	26-28 avenue du Général Leclerc - 94046	48.808225347352376	2.4362758210511313	8
3343810	Maisons-Alfort-Stade	26-28 avenue du Général Leclerc - 94046	48.808225347352376	2.4362758210511313	8
3343811	Maisons-Alfort-Les Juilliottes	Avenue du Général Leclerc - 94046	48.80250044183061	2.4461836185594534	8
3343812	Maisons-Alfort-Les Juilliottes	Avenue du Général Leclerc - 94046	48.80250044183061	2.4461836185594534	8
3343813	Créteil-L'Echat (Hôpital Henri Mondor)	Voie Félix Eboué - 94028	48.79660129757846	2.4495315243760767	8
3343814	Créteil-L'Echat (Hôpital Henri Mondor)	Voie Félix Eboué - 94028	48.79660129757846	2.4495315243760767	8
3343815	Créteil-Université	Rue Ferdinand de Lesseps - 94028	48.78972431608003	2.450836106390663	8
3343816	Créteil-Université	Rue Ferdinand de Lesseps - 94028	48.78972431608003	2.450836106390663	8
3343817	Créteil-Préfecture (Hôtel de Ville)	Le Mont-Mesly - 94028	48.779757257844594	2.4593142910788286	8
3343818	Créteil-Préfecture (Hôtel de Ville)	Le Mont-Mesly - 94028	48.779757257844594	2.4593142910788286	8
3343819	Pointe du Lac	avenue François Mitterrand - 94028	48.76876863574218	2.464319398948263	8
3343825	Pointe du Lac	avenue François Mitterrand - 94028	48.76876863574218	2.464319398948263	8
3901291	Front Populaire	Place du Front Populaire - 93001	48.90666658787472	2.3652301358543797	12
3901292	Front Populaire	Place du Front Populaire - 93001	48.90666658787472	2.3652301358543797	12
4028973	Mairie de Montrouge	Rue Louis Rolland - 92049	48.81846633711334	2.319643218617825	4
4028974	Mairie de Montrouge	Rue Louis Rolland - 92049	48.81846633711334	2.319643218617825	4
6129304	Pyramides	Rue de l'Echelle - 75101	48.86661383061701	2.3344075309487886	14
6129305	Pyramides	Rue de l'Echelle - 75101	48.86661383061701	2.3344075309487886	14
9195883	Mairie de Saint-Ouen	Rue Albert Dhalenne - 93070	48.91168458251208	2.3335051726778877	14
9195884	Mairie de Saint-Ouen	Rue Albert Dhalenne - 93070	48.91168458251208	2.3335051726778877	14
9195885	Saint-Ouen	Victor Hugo (boulevard) - 93070	48.90519510672039	2.3227356713873717	14
9195886	Saint-Ouen	Victor Hugo (boulevard) - 93070	48.90519510672039	2.3227356713873717	14
9195887	Pont Cardinet	Rue Mstilav Rostropovitch - 75117	48.888118408143214	2.3153129858023695	14
9195888	Pont Cardinet	Rue Mstilav Rostropovitch - 75117	48.888118408143214	2.3153129858023695	14
9295910	Porte de Clichy	rue Fragonard - 75117	48.89433717170623	2.313415780459544	14
9295911	Porte de Clichy	rue Fragonard - 75117	48.89433717170623	2.313415780459544	14